GalaxyID,Category
101756,1
101798,1
102046,1
102595,1
102919,1
103523,1
103974,1
104365,1
105014,1
106263,1
107434,1
108038,1
109132,1
109780,1
110285,1
110719,1
111615,1
112314,1
112997,1
114658,1
115399,1
115490,1
115815,1
116542,1
117045,1
117722,1
117915,1
119010,1
119262,1
119459,1
120316,1
120374,1
121319,1
121410,1
121746,1
121774,1
122293,1
125616,1
125797,1
126656,1
130454,1
130826,1
131843,1
132139,1
132631,1
133766,1
134425,1
135258,1
136661,1
137179,1
137522,1
137693,1
138816,1
140278,1
142331,1
142847,1
144012,1
145598,1
146049,1
148230,1
149798,1
150683,1
150717,1
151564,1
153119,1
153666,1
154367,1
155188,1
157617,1
157815,1
157837,1
159299,1
159781,1
160261,1
160804,1
161421,1
162702,1
163121,1
163809,1
164254,1
164730,1
164776,1
165383,1
165772,1
168116,1
169307,1
170324,1
171118,1
172329,1
172764,1
175761,1
176920,1
177281,1
177517,1
177529,1
177639,1
180124,1
180881,1
181021,1
181107,1
182444,1
184293,1
185526,1
186411,1
186921,1
187594,1
187895,1
191679,1
191996,1
193493,1
193994,1
194623,1
196756,1
198786,1
200731,1
200876,1
202237,1
202898,1
204676,1
206015,1
206455,1
207014,1
208046,1
208117,1
209615,1
209849,1
210108,1
211844,1
213944,1
214474,1
214708,1
214751,1
215268,1
217771,1
218055,1
218825,1
218906,1
219324,1
220833,1
221064,1
221497,1
222526,1
223668,1
223795,1
224212,1
225648,1
226045,1
227302,1
227377,1
228471,1
228806,1
230518,1
230559,1
231628,1
233034,1
234683,1
235315,1
236535,1
238372,1
238795,1
239843,1
242058,1
243024,1
243146,1
245249,1
245617,1
246476,1
247201,1
248103,1
248949,1
249000,1
249344,1
249513,1
251403,1
255968,1
256050,1
256394,1
256490,1
258062,1
258064,1
258576,1
259182,1
263366,1
264196,1
264249,1
264748,1
265059,1
266019,1
266166,1
267519,1
268180,1
268467,1
269536,1
269917,1
270091,1
270510,1
271341,1
272059,1
272061,1
272366,1
273578,1
274262,1
275837,1
278496,1
278572,1
278621,1
279467,1
279699,1
280821,1
281085,1
281840,1
281918,1
282535,1
283235,1
283713,1
284369,1
285259,1
287137,1
287323,1
287605,1
289867,1
291414,1
293449,1
293553,1
294010,1
295326,1
297486,1
298082,1
298416,1
299143,1
299374,1
299873,1
301699,1
301881,1
302004,1
302610,1
303498,1
303711,1
303857,1
306064,1
306108,1
306949,1
307001,1
308735,1
309308,1
309318,1
310132,1
310155,1
310475,1
312655,1
313424,1
313794,1
314596,1
315386,1
316873,1
318779,1
319106,1
320065,1
320902,1
324140,1
325304,1
328287,1
328730,1
329111,1
329137,1
329813,1
331415,1
331438,1
331547,1
332122,1
332478,1
333424,1
333890,1
335315,1
336081,1
336245,1
337806,1
338322,1
338959,1
339871,1
342078,1
343883,1
344941,1
346023,1
346206,1
346219,1
346286,1
346965,1
348319,1
349472,1
350087,1
350316,1
350405,1
351486,1
351769,1
352266,1
352570,1
353190,1
353698,1
354462,1
354808,1
355164,1
355605,1
355663,1
355933,1
356631,1
357027,1
357481,1
358893,1
361194,1
361636,1
361903,1
362016,1
362279,1
362283,1
362345,1
363601,1
363856,1
364755,1
365595,1
366088,1
366366,1
367714,1
368500,1
368626,1
369203,1
372102,1
372448,1
372558,1
372937,1
373697,1
374188,1
377215,1
377857,1
378069,1
378796,1
378995,1
379809,1
380480,1
380538,1
380814,1
381097,1
382170,1
385728,1
386522,1
389323,1
389571,1
389661,1
390857,1
391334,1
392501,1
392818,1
392948,1
393593,1
394579,1
394676,1
394799,1
394954,1
396485,1
398267,1
398792,1
399727,1
400809,1
400820,1
401061,1
403380,1
403930,1
404444,1
405036,1
405911,1
406249,1
406379,1
407278,1
407304,1
408705,1
408871,1
409338,1
410773,1
412394,1
416035,1
417242,1
419423,1
419429,1
420140,1
422275,1
423414,1
423549,1
424128,1
425891,1
428475,1
428736,1
429269,1
429660,1
429850,1
430007,1
435845,1
436563,1
438841,1
442452,1
443900,1
443904,1
444362,1
444786,1
445006,1
445389,1
445774,1
446505,1
447195,1
448417,1
450221,1
451367,1
451676,1
451862,1
452194,1
452219,1
454019,1
454072,1
454454,1
454982,1
455339,1
455354,1
458227,1
459234,1
459428,1
460400,1
461346,1
461528,1
462306,1
462651,1
464269,1
465634,1
465878,1
465893,1
466344,1
466502,1
466575,1
467154,1
470841,1
472986,1
473445,1
474978,1
475498,1
476683,1
478315,1
478722,1
479010,1
479166,1
479469,1
479916,1
479928,1
479932,1
482182,1
483159,1
485069,1
487022,1
487464,1
488322,1
489886,1
491908,1
492291,1
498159,1
498737,1
500438,1
500723,1
500768,1
501124,1
502312,1
502411,1
503998,1
504717,1
504986,1
505172,1
507508,1
509428,1
510830,1
511539,1
511918,1
512717,1
512893,1
514511,1
517088,1
517641,1
518367,1
518630,1
519472,1
519597,1
519865,1
522931,1
523245,1
523499,1
524560,1
524831,1
526053,1
526743,1
527770,1
528209,1
529063,1
529215,1
529638,1
530084,1
531435,1
532152,1
532301,1
532763,1
532946,1
533400,1
534004,1
534814,1
534873,1
535913,1
537751,1
540370,1
541177,1
542153,1
543686,1
543815,1
543878,1
544651,1
544854,1
545550,1
545942,1
546076,1
546123,1
546575,1
546649,1
548551,1
550439,1
550939,1
554031,1
554948,1
556156,1
557011,1
557037,1
558848,1
559266,1
559937,1
560204,1
560675,1
561998,1
562585,1
562852,1
563070,1
563430,1
564158,1
564645,1
564688,1
564838,1
565764,1
566954,1
567425,1
568256,1
568566,1
568813,1
572074,1
572708,1
573315,1
573550,1
573937,1
573949,1
576507,1
577036,1
577496,1
578556,1
578565,1
578945,1
579740,1
579835,1
579936,1
580357,1
581144,1
581333,1
581940,1
583048,1
583565,1
584055,1
586571,1
588408,1
590951,1
591608,1
593767,1
593874,1
594146,1
594204,1
594322,1
594841,1
595295,1
595750,1
595969,1
596153,1
596698,1
597106,1
597362,1
597372,1
597726,1
597792,1
599414,1
600073,1
601162,1
602153,1
602743,1
602801,1
603077,1
603206,1
604272,1
604385,1
604560,1
605184,1
606164,1
606289,1
607324,1
607651,1
609079,1
609355,1
610757,1
611187,1
611320,1
611564,1
611705,1
611850,1
612622,1
612731,1
613054,1
613211,1
613387,1
613518,1
614417,1
614563,1
614695,1
614790,1
615443,1
615971,1
616045,1
616951,1
617599,1
617791,1
618071,1
618939,1
620100,1
621942,1
622540,1
623255,1
624094,1
625326,1
626630,1
628716,1
628978,1
629181,1
629316,1
629437,1
629532,1
630872,1
631219,1
632442,1
633005,1
633036,1
633398,1
633643,1
634477,1
634514,1
635055,1
635541,1
635698,1
635701,1
635738,1
636202,1
636515,1
637631,1
638586,1
638684,1
639026,1
639516,1
642757,1
642781,1
643439,1
647748,1
648460,1
649419,1
649663,1
649808,1
652732,1
655717,1
657308,1
657520,1
658278,1
658367,1
661974,1
661986,1
662045,1
662519,1
663096,1
663843,1
665112,1
667854,1
667928,1
668531,1
668649,1
669578,1
670016,1
670053,1
670771,1
670887,1
672023,1
675250,1
675690,1
676373,1
677166,1
677207,1
677487,1
677594,1
677961,1
678129,1
679254,1
680651,1
682658,1
683411,1
683863,1
684082,1
684592,1
685101,1
685187,1
685878,1
685927,1
686348,1
688298,1
688423,1
688577,1
689069,1
690340,1
691323,1
693333,1
693438,1
695263,1
699993,1
700339,1
700537,1
700658,1
700793,1
701930,1
702203,1
704550,1
707069,1
707616,1
708361,1
709919,1
712155,1
717045,1
721053,1
721518,1
721750,1
722097,1
722905,1
724074,1
724205,1
724274,1
724327,1
726119,1
726957,1
727037,1
727291,1
727562,1
727697,1
728192,1
731887,1
733032,1
733296,1
733308,1
733678,1
734844,1
734971,1
737297,1
738038,1
738852,1
739083,1
740350,1
740711,1
741346,1
743187,1
743481,1
743948,1
744144,1
744582,1
744725,1
746671,1
747425,1
748088,1
748578,1
749532,1
749612,1
751521,1
752151,1
752502,1
752992,1
753008,1
753748,1
754696,1
754717,1
756459,1
756670,1
756780,1
758077,1
759875,1
760039,1
760182,1
760477,1
760525,1
761971,1
763074,1
764635,1
764878,1
765898,1
767505,1
767560,1
768103,1
769609,1
772223,1
772549,1
772643,1
777786,1
778761,1
778870,1
779476,1
779909,1
780006,1
780149,1
780262,1
780955,1
780966,1
781035,1
781146,1
783799,1
784190,1
785240,1
785289,1
785666,1
785983,1
786148,1
786285,1
786662,1
787346,1
787818,1
787885,1
787918,1
788382,1
788574,1
788757,1
789499,1
789661,1
789683,1
790199,1
790696,1
791452,1
791701,1
791826,1
792769,1
794053,1
796234,1
797149,1
798595,1
801467,1
802293,1
803676,1
803753,1
806000,1
806074,1
806207,1
807305,1
807346,1
808306,1
810357,1
810532,1
811963,1
812745,1
814211,1
814508,1
814834,1
814930,1
817419,1
817872,1
820579,1
822179,1
823811,1
824260,1
826296,1
826602,1
828040,1
830494,1
831024,1
831405,1
831739,1
833743,1
834180,1
834444,1
834624,1
838332,1
838777,1
838838,1
840611,1
841763,1
841783,1
841802,1
842794,1
843095,1
844164,1
844589,1
844841,1
844865,1
845480,1
846440,1
846881,1
847351,1
848450,1
849477,1
850395,1
850948,1
851840,1
852489,1
853108,1
854663,1
855128,1
860066,1
860313,1
860590,1
864255,1
864490,1
865090,1
865583,1
865967,1
867245,1
867661,1
867951,1
868436,1
869531,1
870522,1
872362,1
874040,1
874134,1
874445,1
875174,1
876620,1
876686,1
877177,1
877618,1
878051,1
878308,1
879362,1
881473,1
882879,1
882887,1
883261,1
884339,1
884858,1
884936,1
885616,1
885704,1
887040,1
887852,1
889108,1
889743,1
890124,1
891506,1
892507,1
893087,1
895125,1
895741,1
895878,1
896117,1
898198,1
899903,1
900317,1
901993,1
903493,1
904007,1
907472,1
908459,1
908959,1
909709,1
911084,1
911179,1
912008,1
913098,1
914047,1
914987,1
915555,1
916029,1
917151,1
918067,1
918797,1
919861,1
920933,1
923397,1
923632,1
924153,1
924961,1
926113,1
926676,1
927820,1
928730,1
928925,1
929614,1
929731,1
931228,1
931292,1
931542,1
932254,1
932485,1
933222,1
933438,1
934348,1
934895,1
935015,1
935648,1
935687,1
936345,1
936910,1
938197,1
938492,1
939274,1
939558,1
939772,1
939797,1
940065,1
940570,1
941233,1
941326,1
941557,1
942579,1
942608,1
942946,1
943610,1
947391,1
947822,1
947945,1
949096,1
950816,1
951273,1
952529,1
954620,1
954651,1
954827,1
955057,1
955476,1
957616,1
957776,1
958090,1
958159,1
959155,1
960561,1
960794,1
961413,1
962263,1
964116,1
966001,1
966631,1
968336,1
968396,1
968633,1
969634,1
969703,1
971603,1
971791,1
974122,1
975169,1
976108,1
976898,1
977862,1
978759,1
978974,1
982201,1
982432,1
984767,1
985093,1
985705,1
987154,1
987192,1
988319,1
990241,1
991003,1
991065,1
991256,1
991426,1
992005,1
992748,1
992856,1
993980,1
996585,1
999354,1
100134,2
102699,2
105028,2
106079,2
106357,2
107627,2
107859,2
108764,2
110217,2
110370,2
110465,2
110789,2
114240,2
115247,2
115299,2
116638,2
117164,2
119644,2
120158,2
122753,2
123906,2
124854,2
127552,2
128341,2
128385,2
129043,2
130460,2
131103,2
131172,2
133380,2
134661,2
135095,2
135441,2
136908,2
137272,2
137487,2
137556,2
138636,2
138689,2
140558,2
141652,2
143038,2
143171,2
144958,2
145571,2
145832,2
146691,2
147532,2
148051,2
148863,2
149509,2
150477,2
151516,2
151758,2
155379,2
157167,2
157660,2
158286,2
158392,2
158950,2
159632,2
159804,2
160566,2
160613,2
160900,2
161494,2
161709,2
162438,2
162608,2
163606,2
165815,2
168273,2
169469,2
170676,2
170774,2
171555,2
171558,2
174102,2
174891,2
176385,2
177513,2
177708,2
177737,2
177861,2
177960,2
179068,2
179126,2
179339,2
179508,2
179810,2
179983,2
181178,2
181182,2
182549,2
182752,2
183993,2
184323,2
186507,2
186677,2
187996,2
188214,2
188642,2
190428,2
190879,2
193309,2
194519,2
194692,2
194722,2
194974,2
195190,2
195554,2
195557,2
199794,2
200173,2
200668,2
202479,2
202740,2
207292,2
209409,2
209813,2
210583,2
210760,2
211031,2
211738,2
212391,2
214862,2
215084,2
215276,2
216842,2
216881,2
217914,2
218269,2
218325,2
219853,2
220711,2
222235,2
223526,2
224368,2
224689,2
225801,2
226957,2
227773,2
230575,2
232432,2
233433,2
233858,2
235316,2
238668,2
240059,2
240362,2
241931,2
244714,2
249105,2
250536,2
251624,2
252982,2
254174,2
254727,2
257193,2
257364,2
259607,2
260301,2
261196,2
261313,2
262227,2
262253,2
262291,2
264534,2
266035,2
267396,2
267853,2
269013,2
269231,2
269547,2
270543,2
270977,2
271055,2
273509,2
274004,2
274164,2
274931,2
276326,2
277047,2
277416,2
279540,2
280002,2
281077,2
282133,2
282477,2
282871,2
283401,2
283977,2
285873,2
292835,2
294024,2
294889,2
295485,2
297428,2
298207,2
299687,2
299739,2
300097,2
300284,2
304025,2
305071,2
308589,2
308686,2
309195,2
309517,2
309737,2
309902,2
313593,2
313915,2
322007,2
322105,2
324536,2
326414,2
326835,2
328550,2
328683,2
329095,2
329422,2
329516,2
331398,2
332129,2
333639,2
333791,2
334273,2
335232,2
336983,2
338053,2
338580,2
338707,2
339252,2
339869,2
340156,2
341238,2
342049,2
343146,2
344009,2
344722,2
345325,2
347210,2
347232,2
347879,2
348957,2
349757,2
350028,2
350167,2
350857,2
350993,2
351015,2
352453,2
352872,2
354910,2
357067,2
357967,2
358125,2
358219,2
358487,2
360158,2
360319,2
360755,2
361551,2
362304,2
362496,2
362681,2
363521,2
363736,2
365006,2
369424,2
370814,2
371764,2
372218,2
372554,2
373627,2
375230,2
376937,2
377461,2
377846,2
378411,2
378547,2
380119,2
381967,2
383354,2
383712,2
385299,2
385315,2
389670,2
390514,2
390524,2
391193,2
391658,2
392019,2
392153,2
393048,2
393487,2
394035,2
394882,2
396777,2
396906,2
399290,2
399660,2
400426,2
401355,2
402232,2
404235,2
404480,2
405291,2
405974,2
407408,2
409180,2
409801,2
410414,2
410543,2
411283,2
412628,2
412643,2
412776,2
413319,2
413958,2
416131,2
420166,2
421120,2
421867,2
423243,2
424137,2
424763,2
425114,2
429815,2
431010,2
432666,2
433277,2
433854,2
434765,2
435210,2
435846,2
436224,2
436804,2
438178,2
438352,2
438913,2
439298,2
441371,2
441792,2
442252,2
442862,2
445590,2
446308,2
446522,2
447248,2
447764,2
448515,2
450015,2
450814,2
451118,2
451125,2
453197,2
454385,2
454537,2
455683,2
457714,2
458916,2
460094,2
463106,2
463192,2
464763,2
465384,2
465942,2
467265,2
467287,2
468608,2
469030,2
470047,2
470423,2
471477,2
474256,2
474868,2
476813,2
477016,2
478616,2
478679,2
480883,2
482580,2
482812,2
484364,2
485173,2
485593,2
486049,2
487020,2
490086,2
490350,2
490849,2
490954,2
492314,2
493269,2
494417,2
495711,2
497170,2
497573,2
498352,2
499538,2
500567,2
500744,2
501339,2
501391,2
502514,2
502791,2
503806,2
505252,2
505396,2
506244,2
508189,2
513780,2
514288,2
515124,2
517410,2
517558,2
518614,2
519256,2
519524,2
520911,2
521246,2
522967,2
524279,2
524527,2
525066,2
526431,2
527372,2
529344,2
529936,2
530949,2
531825,2
532940,2
537023,2
537092,2
537349,2
537508,2
540451,2
540612,2
542796,2
543411,2
543414,2
543564,2
545018,2
546844,2
547315,2
548423,2
549224,2
550479,2
551244,2
551375,2
552677,2
552816,2
553852,2
554184,2
555529,2
555844,2
557373,2
557990,2
558646,2
558830,2
559264,2
560026,2
561491,2
562362,2
562828,2
564212,2
565099,2
567369,2
570671,2
571359,2
572112,2
572116,2
572604,2
575630,2
576843,2
577147,2
577349,2
578103,2
578387,2
578857,2
580987,2
581476,2
581747,2
586271,2
586616,2
587708,2
587743,2
588712,2
590279,2
590796,2
595996,2
597555,2
597901,2
598229,2
601174,2
601629,2
602805,2
603157,2
603523,2
603679,2
604492,2
604496,2
605235,2
607052,2
608251,2
608832,2
608949,2
609146,2
609318,2
609576,2
609606,2
610839,2
611572,2
612128,2
612661,2
613145,2
613335,2
613842,2
614501,2
614632,2
615094,2
615185,2
615257,2
615261,2
616031,2
616644,2
618472,2
619041,2
619675,2
620597,2
621422,2
621624,2
621663,2
623542,2
624093,2
626315,2
629028,2
629526,2
632330,2
632784,2
633082,2
634320,2
637244,2
640692,2
641339,2
641365,2
641469,2
641638,2
643131,2
643757,2
644012,2
646286,2
647386,2
648017,2
649092,2
649754,2
653165,2
655141,2
656448,2
658444,2
658975,2
660152,2
660769,2
660840,2
661552,2
662018,2
662395,2
665330,2
665513,2
665921,2
666036,2
666968,2
667827,2
671343,2
672210,2
673192,2
674001,2
675577,2
675680,2
677190,2
677311,2
677976,2
679105,2
680215,2
683607,2
683700,2
684063,2
685565,2
686575,2
687671,2
688084,2
688540,2
690504,2
690657,2
691485,2
692405,2
693853,2
694395,2
696162,2
696865,2
699213,2
699293,2
699582,2
699933,2
700094,2
703543,2
704259,2
704680,2
706259,2
707231,2
707433,2
707523,2
708278,2
708993,2
709130,2
710333,2
710406,2
710995,2
711373,2
712539,2
713103,2
714363,2
715106,2
716722,2
716938,2
717455,2
717524,2
718405,2
719632,2
723492,2
724896,2
725256,2
726057,2
726544,2
727461,2
727780,2
728661,2
728774,2
729751,2
730044,2
731728,2
732710,2
732763,2
732929,2
733634,2
734505,2
735344,2
736112,2
737878,2
738913,2
739290,2
740480,2
741913,2
742974,2
745169,2
745892,2
745920,2
746205,2
748594,2
748747,2
750530,2
750943,2
751085,2
753869,2
754358,2
756665,2
758513,2
758656,2
759017,2
759416,2
760386,2
760651,2
761932,2
762445,2
762898,2
765277,2
765557,2
766393,2
766720,2
767123,2
767868,2
768606,2
769055,2
769231,2
770112,2
770404,2
770735,2
771236,2
772827,2
773044,2
773130,2
773709,2
773947,2
776155,2
776503,2
776550,2
776964,2
777158,2
777449,2
777754,2
779638,2
780497,2
780991,2
783350,2
785995,2
788392,2
788822,2
790577,2
791153,2
791575,2
791632,2
792040,2
793327,2
794029,2
794364,2
794598,2
795062,2
796277,2
797547,2
798601,2
800665,2
802070,2
802481,2
802639,2
803854,2
804457,2
805531,2
805799,2
805975,2
807959,2
808351,2
809325,2
810325,2
810454,2
810970,2
811176,2
811865,2
811897,2
813519,2
813778,2
813908,2
815760,2
816548,2
818421,2
821173,2
821898,2
823068,2
823180,2
824743,2
825183,2
825589,2
826412,2
826870,2
827196,2
827728,2
828417,2
829321,2
829550,2
831636,2
832043,2
832160,2
833756,2
834376,2
834871,2
835620,2
836091,2
837746,2
838069,2
838570,2
840332,2
841211,2
841309,2
842315,2
842710,2
845950,2
846292,2
846314,2
846773,2
847665,2
848209,2
848953,2
849511,2
850388,2
851779,2
853547,2
854002,2
854503,2
856950,2
857490,2
859231,2
861619,2
862022,2
863139,2
863675,2
864371,2
865178,2
865479,2
866494,2
867343,2
870199,2
873487,2
874128,2
874317,2
874349,2
875055,2
876125,2
876479,2
877930,2
878323,2
878825,2
878905,2
881123,2
881812,2
882056,2
885221,2
885306,2
886435,2
887291,2
887445,2
893173,2
893717,2
893736,2
893755,2
894154,2
895170,2
897265,2
900591,2
901108,2
902658,2
904993,2
905562,2
906498,2
908109,2
908425,2
909408,2
910341,2
910365,2
911082,2
912058,2
912421,2
913126,2
913327,2
914084,2
914402,2
914553,2
916099,2
916223,2
916497,2
917632,2
920199,2
921163,2
922772,2
922837,2
925190,2
925337,2
925918,2
927722,2
928121,2
929879,2
929967,2
930082,2
930163,2
930358,2
930658,2
931720,2
933122,2
934030,2
935802,2
937694,2
938675,2
938994,2
940317,2
940721,2
941503,2
941647,2
942438,2
944416,2
945455,2
945811,2
946334,2
947594,2
948192,2
948852,2
949062,2
949097,2
949933,2
952118,2
952813,2
953008,2
954102,2
957791,2
959046,2
960662,2
960861,2
961122,2
961584,2
962419,2
962889,2
962980,2
964839,2
966027,2
966420,2
967467,2
967582,2
968398,2
968988,2
969329,2
969338,2
973543,2
973804,2
973835,2
975645,2
976847,2
976858,2
976884,2
977158,2
978250,2
979730,2
980070,2
980839,2
983115,2
985344,2
985677,2
986696,2
987320,2
989239,2
989357,2
989942,2
990063,2
991011,2
991484,2
992521,2
994632,2
996138,2
997823,2
999893,2
101133,3
101325,3
101502,3
101589,3
101591,3
102822,3
103707,3
104279,3
104414,3
105868,3
105900,3
106230,3
106725,3
107193,3
107709,3
107985,3
108103,3
108786,3
110364,3
110964,3
113166,3
114354,3
114863,3
115402,3
117627,3
118993,3
119537,3
121178,3
122715,3
125328,3
125686,3
126304,3
126760,3
128004,3
129175,3
129510,3
129951,3
132147,3
132209,3
132813,3
136581,3
138290,3
139480,3
143316,3
143817,3
145016,3
145695,3
146594,3
147273,3
148990,3
151082,3
151109,3
151556,3
152297,3
153942,3
155486,3
156355,3
156519,3
157009,3
158538,3
159862,3
160630,3
161178,3
161446,3
163210,3
164097,3
164210,3
164609,3
168872,3
169333,3
170396,3
171659,3
172936,3
173108,3
176687,3
177746,3
178013,3
178400,3
179059,3
179274,3
179362,3
180679,3
180846,3
181153,3
181563,3
182177,3
182972,3
185090,3
185585,3
186201,3
187072,3
187364,3
188320,3
189665,3
189965,3
194355,3
194530,3
194533,3
194790,3
194987,3
195481,3
195943,3
196487,3
196518,3
197621,3
197958,3
199574,3
200057,3
200452,3
201368,3
203166,3
205877,3
208529,3
210467,3
211294,3
226322,3
227080,3
227339,3
231232,3
233531,3
238382,3
246162,3
249665,3
249816,3
250886,3
260941,3
263407,3
264019,3
268864,3
274716,3
278909,3
282010,3
282726,3
296673,3
299627,3
306747,3
310568,3
313129,3
317793,3
325302,3
333245,3
335040,3
338277,3
360298,3
379419,3
384103,3
390910,3
394005,3
406568,3
414226,3
416488,3
419034,3
422378,3
430133,3
450872,3
464473,3
474200,3
474213,3
478280,3
508707,3
510791,3
510805,3
513543,3
515556,3
517233,3
517810,3
527085,3
529576,3
530309,3
534291,3
557256,3
559503,3
559963,3
562183,3
571356,3
577052,3
582619,3
585135,3
600702,3
608293,3
608304,3
609882,3
613663,3
619549,3
621641,3
631021,3
633112,3
634138,3
650060,3
653733,3
655702,3
671640,3
673398,3
675195,3
676082,3
677884,3
678010,3
679968,3
684263,3
691354,3
701364,3
710957,3
732670,3
736908,3
745835,3
751272,3
759070,3
765626,3
767720,3
770549,3
770689,3
774631,3
781370,3
792649,3
794797,3
797040,3
799175,3
816144,3
818697,3
820802,3
824792,3
829972,3
831067,3
832881,3
835255,3
839541,3
840800,3
845582,3
855677,3
858082,3
862600,3
863361,3
868815,3
869304,3
875408,3
875848,3
883066,3
891705,3
899726,3
909146,3
914337,3
922210,3
929414,3
933629,3
938777,3
943575,3
961830,3
962678,3
966558,3
970625,3
973066,3
981494,3
988425,3
100123,4
100263,4
100458,4
100513,4
100520,4
100561,4
101597,4
102243,4
102347,4
102474,4
103491,4
103754,4
106049,4
107496,4
108742,4
109509,4
109879,4
110384,4
110389,4
111727,4
112196,4
112536,4
113322,4
113417,4
113746,4
113779,4
114433,4
116249,4
117085,4
117100,4
117528,4
117775,4
119147,4
119280,4
119599,4
119670,4
119864,4
119889,4
119909,4
120641,4
121462,4
126321,4
127052,4
127231,4
127444,4
127887,4
127950,4
128110,4
128646,4
129146,4
129173,4
129560,4
130861,4
131208,4
131452,4
132439,4
132551,4
133499,4
134412,4
135417,4
135588,4
135828,4
136093,4
136261,4
136414,4
136993,4
137578,4
137749,4
137969,4
138455,4
138869,4
139191,4
139596,4
140740,4
141511,4
141733,4
142148,4
142480,4
142581,4
143666,4
144264,4
144816,4
144997,4
145177,4
145282,4
145549,4
146135,4
146640,4
147232,4
147427,4
148971,4
149547,4
149572,4
150274,4
150731,4
150933,4
150967,4
151263,4
151655,4
151752,4
151884,4
152494,4
154002,4
155382,4
155564,4
156209,4
158138,4
158199,4
158247,4
158900,4
159771,4
159874,4
160422,4
160503,4
160757,4
160852,4
160963,4
160966,4
162015,4
162204,4
162380,4
162565,4
163352,4
164194,4
164257,4
164836,4
165128,4
165342,4
165416,4
166224,4
166303,4
166523,4
167352,4
167776,4
168190,4
168614,4
169244,4
169280,4
169366,4
169391,4
169394,4
171429,4
171662,4
171674,4
171697,4
172034,4
172857,4
173007,4
173388,4
174060,4
174437,4
174767,4
175433,4
175602,4
175862,4
175899,4
176576,4
176583,4
178196,4
178814,4
178864,4
178944,4
179144,4
179751,4
179828,4
180133,4
180253,4
181174,4
181806,4
182803,4
183059,4
183293,4
183755,4
185100,4
185592,4
186261,4
186277,4
186383,4
186514,4
187519,4
187656,4
187737,4
187981,4
188558,4
188845,4
189702,4
190262,4
190531,4
191438,4
191698,4
192170,4
192267,4
192628,4
192835,4
193204,4
193793,4
193873,4
193991,4
194220,4
194608,4
195507,4
195644,4
195712,4
196431,4
197650,4
198366,4
198968,4
199261,4
199728,4
199755,4
200022,4
201548,4
202139,4
202694,4
202730,4
202890,4
203820,4
204809,4
205103,4
205934,4
206009,4
206017,4
206510,4
207205,4
207375,4
208388,4
208628,4
209858,4
210497,4
210656,4
211484,4
211643,4
211966,4
212123,4
212169,4
212494,4
212601,4
213312,4
213727,4
214317,4
214805,4
215406,4
215439,4
215451,4
216676,4
216706,4
216709,4
217194,4
217619,4
217779,4
217804,4
217905,4
218173,4
218493,4
219195,4
219648,4
219836,4
221392,4
222165,4
222796,4
223275,4
223742,4
224591,4
225478,4
225852,4
228454,4
228556,4
229000,4
229508,4
229591,4
229698,4
230021,4
231784,4
231958,4
232178,4
232952,4
233061,4
233832,4
233950,4
234101,4
234544,4
234562,4
235041,4
235153,4
236075,4
236236,4
236738,4
237071,4
237830,4
238436,4
238723,4
238901,4
238904,4
239155,4
239528,4
239563,4
240270,4
240373,4
240418,4
240526,4
240670,4
241130,4
241563,4
241858,4
242552,4
242782,4
244779,4
244928,4
245733,4
246300,4
246623,4
246729,4
247326,4
247362,4
247440,4
247653,4
248722,4
248850,4
249384,4
249466,4
249498,4
250866,4
251899,4
252930,4
253034,4
253566,4
254009,4
254297,4
254300,4
254383,4
255785,4
256118,4
257350,4
257441,4
257573,4
257768,4
258012,4
258217,4
259268,4
259610,4
259710,4
259856,4
260006,4
260911,4
261102,4
261294,4
262114,4
262179,4
262313,4
262529,4
262584,4
262652,4
262909,4
263324,4
263804,4
265483,4
265661,4
266283,4
266489,4
267074,4
267205,4
267604,4
268081,4
268290,4
268516,4
268606,4
268974,4
269529,4
269847,4
270278,4
270913,4
271381,4
271943,4
272033,4
272525,4
272862,4
273450,4
273641,4
273703,4
274686,4
274802,4
274834,4
275134,4
275284,4
275627,4
276741,4
276762,4
277440,4
277520,4
277602,4
277633,4
277933,4
278752,4
278913,4
279430,4
279457,4
279610,4
279838,4
280816,4
281276,4
281762,4
282319,4
285643,4
286459,4
287917,4
287956,4
288044,4
288717,4
288914,4
289518,4
289861,4
289865,4
290008,4
291269,4
292796,4
293485,4
294973,4
295182,4
295797,4
296209,4
296386,4
296561,4
296972,4
297101,4
297364,4
298019,4
298529,4
298560,4
298764,4
298785,4
299067,4
299196,4
299351,4
300406,4
300650,4
301167,4
301929,4
302986,4
303019,4
303504,4
303521,4
304163,4
304185,4
304435,4
304484,4
304928,4
305076,4
305618,4
306020,4
306318,4
306454,4
306538,4
306760,4
307095,4
307527,4
307571,4
308141,4
308547,4
309145,4
309844,4
309939,4
310247,4
310646,4
311553,4
312375,4
312571,4
312941,4
314024,4
314130,4
314516,4
315226,4
315697,4
315698,4
315733,4
316166,4
316290,4
316412,4
316613,4
317055,4
319703,4
320131,4
320202,4
320488,4
321187,4
322554,4
323248,4
324323,4
324405,4
324594,4
324751,4
324840,4
325107,4
325453,4
325631,4
325702,4
327524,4
329074,4
329124,4
329396,4
329598,4
329623,4
329866,4
330061,4
330517,4
330625,4
331174,4
331183,4
331227,4
331228,4
331457,4
332331,4
332750,4
332826,4
333501,4
333531,4
333533,4
333669,4
333732,4
335029,4
336060,4
337091,4
338969,4
338992,4
340485,4
340886,4
341179,4
341747,4
341884,4
342995,4
343647,4
344120,4
344554,4
344638,4
345171,4
345251,4
345367,4
345440,4
345737,4
346076,4
346351,4
346367,4
346428,4
346577,4
347236,4
347405,4
347770,4
348014,4
349304,4
349428,4
349803,4
349811,4
350139,4
350676,4
352099,4
352592,4
353149,4
353877,4
354017,4
354316,4
354941,4
355256,4
355493,4
355503,4
355636,4
357154,4
357357,4
358053,4
358942,4
359648,4
359738,4
359746,4
359968,4
360554,4
360837,4
361849,4
363302,4
363596,4
363875,4
364023,4
364460,4
364495,4
364957,4
365000,4
365927,4
366064,4
366413,4
367297,4
367346,4
367483,4
367613,4
368719,4
369004,4
369974,4
370157,4
370841,4
371443,4
371875,4
372291,4
372526,4
372599,4
372853,4
373046,4
373384,4
373505,4
373902,4
374017,4
374100,4
374329,4
375219,4
376150,4
376643,4
376669,4
378005,4
378802,4
379213,4
380452,4
380797,4
381139,4
381307,4
381578,4
381633,4
382173,4
383124,4
383183,4
383289,4
384593,4
384624,4
384658,4
384663,4
385026,4
385397,4
385591,4
385628,4
385899,4
386006,4
387539,4
387549,4
388082,4
389279,4
389508,4
389561,4
389780,4
389986,4
390000,4
390429,4
390603,4
390609,4
390696,4
390755,4
391505,4
392007,4
392265,4
392692,4
393250,4
393301,4
394142,4
394156,4
394246,4
394524,4
394529,4
395012,4
395411,4
396742,4
397518,4
397916,4
398045,4
398159,4
398183,4
399297,4
399320,4
399623,4
400026,4
400319,4
400625,4
400898,4
400976,4
401197,4
401364,4
401819,4
401830,4
401954,4
402408,4
402528,4
402641,4
402957,4
403508,4
403772,4
404729,4
407825,4
407926,4
408065,4
408214,4
408277,4
408432,4
408637,4
408936,4
409091,4
409907,4
410222,4
410316,4
410444,4
410664,4
410754,4
410837,4
411048,4
411604,4
411926,4
414562,4
414724,4
414836,4
416007,4
416041,4
417020,4
417498,4
418190,4
418223,4
418302,4
418305,4
418713,4
418920,4
420136,4
420551,4
420773,4
420871,4
421414,4
421634,4
421678,4
421829,4
422102,4
423995,4
424406,4
424660,4
425112,4
425526,4
425665,4
426343,4
426761,4
427696,4
427946,4
428346,4
428350,4
428574,4
428836,4
428842,4
429064,4
429204,4
429645,4
429751,4
430066,4
430220,4
430640,4
430874,4
431644,4
432602,4
432733,4
432737,4
432773,4
433003,4
433238,4
433478,4
433488,4
433644,4
433705,4
434756,4
434927,4
434935,4
435063,4
435406,4
436461,4
436523,4
436942,4
437418,4
437628,4
437981,4
438156,4
438795,4
439141,4
439242,4
439446,4
439715,4
439845,4
440694,4
440788,4
441907,4
441955,4
442162,4
442496,4
442645,4
442992,4
443470,4
443892,4
444262,4
444528,4
444537,4
444742,4
445423,4
445908,4
446289,4
446673,4
446716,4
446957,4
447307,4
447809,4
448521,4
449458,4
449781,4
449864,4
450236,4
450308,4
450886,4
452688,4
452882,4
454050,4
454894,4
455028,4
455123,4
456186,4
456522,4
456564,4
456717,4
457006,4
457033,4
457380,4
457786,4
458374,4
459161,4
459202,4
460096,4
460139,4
460370,4
460858,4
461760,4
461813,4
462003,4
463208,4
463223,4
463429,4
464369,4
465030,4
465058,4
465317,4
465848,4
466019,4
466250,4
466345,4
466374,4
466490,4
467916,4
468001,4
468517,4
469130,4
470060,4
470161,4
470300,4
470392,4
472505,4
472716,4
472922,4
474569,4
475311,4
475635,4
475905,4
475982,4
476128,4
476169,4
476460,4
476524,4
476954,4
477250,4
477392,4
477515,4
479369,4
480171,4
480726,4
480756,4
481114,4
481536,4
481728,4
482135,4
482288,4
482291,4
482576,4
482724,4
482977,4
483131,4
483212,4
484263,4
484309,4
484754,4
485143,4
486076,4
486312,4
487159,4
487195,4
487349,4
487641,4
488735,4
489626,4
489975,4
490103,4
490151,4
490337,4
490385,4
491495,4
491969,4
492313,4
493019,4
493163,4
493204,4
493926,4
495205,4
495832,4
495836,4
496262,4
496503,4
497278,4
497298,4
497391,4
498589,4
498700,4
498972,4
499023,4
499172,4
499857,4
499871,4
500362,4
500432,4
501449,4
501768,4
502367,4
502852,4
502983,4
503509,4
504484,4
505829,4
505934,4
506212,4
507039,4
507248,4
507263,4
508711,4
509402,4
510475,4
510999,4
511049,4
511161,4
511472,4
512038,4
512290,4
512369,4
512757,4
512945,4
513120,4
513142,4
513998,4
514112,4
514228,4
514355,4
514628,4
514659,4
516030,4
516498,4
516751,4
518111,4
518151,4
518977,4
519271,4
519566,4
519785,4
519853,4
520234,4
520800,4
521405,4
521756,4
522006,4
522026,4
522220,4
522229,4
522377,4
522396,4
522780,4
523368,4
523716,4
523720,4
523990,4
524170,4
524354,4
524655,4
524893,4
524942,4
524982,4
526636,4
526697,4
527334,4
527363,4
527389,4
527723,4
527725,4
527818,4
527918,4
527932,4
528294,4
528550,4
528721,4
528858,4
530291,4
530799,4
531155,4
531422,4
531516,4
532298,4
534095,4
534208,4
534738,4
535127,4
535327,4
536429,4
536652,4
536731,4
536779,4
536807,4
537586,4
537996,4
540009,4
540207,4
540897,4
540965,4
541525,4
541838,4
541992,4
542104,4
543195,4
543288,4
543341,4
543499,4
543677,4
544015,4
544142,4
544211,4
544399,4
544461,4
545169,4
546315,4
547306,4
548603,4
548816,4
549244,4
549528,4
549849,4
551037,4
551752,4
551985,4
552106,4
552892,4
553245,4
553328,4
553402,4
553645,4
553727,4
553746,4
553765,4
554036,4
554126,4
554757,4
555118,4
555171,4
556874,4
558082,4
558327,4
558402,4
559319,4
560058,4
560275,4
560300,4
560553,4
560633,4
560882,4
561469,4
561696,4
561910,4
562816,4
563191,4
563505,4
563713,4
563808,4
564232,4
564304,4
564395,4
564601,4
564831,4
566140,4
566202,4
566206,4
566267,4
566809,4
567416,4
567434,4
567553,4
567915,4
568061,4
568065,4
568175,4
568258,4
568373,4
568435,4
569088,4
569324,4
569525,4
570868,4
571020,4
571078,4
571109,4
571299,4
572720,4
572757,4
573935,4
574005,4
574091,4
574245,4
574252,4
574439,4
574781,4
574803,4
575005,4
576046,4
576420,4
577389,4
577678,4
577691,4
578395,4
578665,4
579468,4
579524,4
579597,4
579700,4
579750,4
579785,4
579809,4
580171,4
580482,4
580616,4
581976,4
582227,4
582548,4
582968,4
583151,4
583889,4
584650,4
585186,4
585308,4
585876,4
586353,4
586459,4
586643,4
587029,4
587692,4
587693,4
588259,4
588888,4
589424,4
590042,4
590142,4
590225,4
591505,4
591707,4
591714,4
591817,4
592206,4
593257,4
593662,4
593999,4
594127,4
594225,4
594532,4
594745,4
594827,4
595733,4
595830,4
596375,4
596452,4
596785,4
596805,4
597509,4
597946,4
598273,4
598904,4
599031,4
599254,4
599459,4
601592,4
601610,4
601761,4
603576,4
604474,4
604692,4
604767,4
605426,4
605564,4
605636,4
605910,4
605961,4
606802,4
607710,4
607880,4
607952,4
608265,4
609042,4
609357,4
610027,4
610301,4
610343,4
610670,4
611143,4
611482,4
612652,4
613147,4
613470,4
613730,4
614487,4
614737,4
616682,4
617979,4
618107,4
618238,4
618840,4
619459,4
619661,4
620043,4
620231,4
620294,4
620519,4
620769,4
620907,4
621438,4
622424,4
622485,4
622924,4
623150,4
624360,4
625153,4
625176,4
626176,4
626208,4
626793,4
627656,4
627743,4
628601,4
629169,4
629243,4
631083,4
631090,4
631751,4
631801,4
632021,4
632027,4
632062,4
632722,4
632872,4
633107,4
633198,4
633203,4
633419,4
633479,4
633484,4
633795,4
634746,4
635267,4
635874,4
636223,4
636743,4
637115,4
637467,4
637836,4
638639,4
639016,4
639333,4
639422,4
639656,4
640252,4
640311,4
642501,4
642943,4
642945,4
642948,4
643484,4
644074,4
645614,4
645739,4
646330,4
646853,4
647321,4
647440,4
647539,4
648293,4
648320,4
649539,4
650307,4
651100,4
651204,4
651234,4
651672,4
651939,4
652250,4
652358,4
652502,4
652821,4
653088,4
653352,4
653431,4
653753,4
654019,4
654297,4
654805,4
655275,4
655970,4
656411,4
656524,4
657178,4
657251,4
657257,4
658291,4
658445,4
658635,4
658656,4
659678,4
659772,4
659875,4
660225,4
660389,4
660674,4
660796,4
661504,4
661727,4
662533,4
662746,4
663131,4
663721,4
663754,4
664116,4
667150,4
667846,4
668075,4
668080,4
668498,4
668520,4
670070,4
670274,4
670681,4
671201,4
671269,4
671397,4
671900,4
671932,4
672156,4
672346,4
672566,4
673386,4
673417,4
673557,4
673752,4
674320,4
674805,4
675029,4
675497,4
675521,4
676368,4
677003,4
678029,4
679503,4
679632,4
679730,4
680128,4
681092,4
681189,4
681362,4
681364,4
681487,4
682017,4
682298,4
682624,4
682794,4
682982,4
683146,4
683419,4
683474,4
683796,4
684351,4
684948,4
685149,4
685695,4
685740,4
686712,4
686815,4
686972,4
687432,4
688463,4
688480,4
688501,4
689583,4
689589,4
691723,4
692426,4
692667,4
693325,4
694133,4
696497,4
698096,4
698762,4
699006,4
699039,4
700256,4
700656,4
700668,4
700989,4
701350,4
702195,4
703147,4
704513,4
704695,4
705233,4
705767,4
705852,4
705931,4
706000,4
706409,4
706547,4
706822,4
706920,4
707336,4
707502,4
707620,4
708730,4
709171,4
709248,4
709518,4
709630,4
709631,4
709767,4
710129,4
710620,4
711171,4
711640,4
712340,4
713168,4
714097,4
714294,4
714643,4
714674,4
715259,4
715574,4
715728,4
716071,4
717077,4
717312,4
717740,4
717879,4
718059,4
718259,4
718275,4
718675,4
719227,4
721179,4
721426,4
721749,4
722300,4
722621,4
722679,4
722842,4
723028,4
723507,4
723786,4
724550,4
724950,4
725429,4
726532,4
726757,4
726826,4
726925,4
727736,4
727968,4
728289,4
728326,4
729296,4
729618,4
730461,4
730532,4
731085,4
731806,4
732492,4
733416,4
733572,4
734140,4
734747,4
734785,4
735007,4
736637,4
736823,4
737015,4
737021,4
738124,4
738255,4
738480,4
739214,4
739271,4
739549,4
740462,4
740653,4
740809,4
740952,4
741515,4
741718,4
742344,4
744552,4
745120,4
745194,4
745368,4
745382,4
746423,4
746610,4
747702,4
747789,4
747853,4
748027,4
748841,4
749666,4
749951,4
750267,4
750431,4
751716,4
751809,4
751874,4
754465,4
755280,4
757383,4
757613,4
757620,4
757996,4
758184,4
758641,4
758824,4
759338,4
759538,4
761552,4
762212,4
762214,4
762295,4
762299,4
762438,4
762576,4
762740,4
762881,4
762994,4
763387,4
764109,4
764572,4
764913,4
765026,4
765665,4
765693,4
765735,4
765788,4
765998,4
766177,4
766668,4
766707,4
766935,4
767753,4
767785,4
767960,4
768707,4
768863,4
768957,4
768986,4
769081,4
769192,4
769501,4
770131,4
770371,4
770731,4
771843,4
771909,4
772488,4
773233,4
773817,4
774143,4
774678,4
774992,4
775105,4
775553,4
775625,4
776358,4
777180,4
777416,4
777643,4
777955,4
777986,4
778547,4
778721,4
779132,4
779302,4
779397,4
779983,4
780225,4
780526,4
780574,4
781876,4
782104,4
783548,4
784135,4
784249,4
785310,4
785541,4
785696,4
786255,4
786849,4
787758,4
787957,4
788347,4
788504,4
788522,4
789050,4
790129,4
790380,4
790583,4
790978,4
791265,4
791312,4
791337,4
791379,4
791561,4
792256,4
792536,4
792959,4
793326,4
793362,4
793388,4
794417,4
794653,4
795976,4
795991,4
797295,4
797562,4
797633,4
797842,4
799078,4
800624,4
800788,4
801184,4
801704,4
801807,4
802479,4
803747,4
803787,4
803815,4
803908,4
804615,4
804634,4
805055,4
805431,4
805751,4
806068,4
806809,4
807131,4
807226,4
807677,4
807682,4
808367,4
808421,4
808727,4
809293,4
809654,4
809694,4
810871,4
811333,4
812066,4
812069,4
813394,4
813846,4
814673,4
814868,4
815083,4
815153,4
815416,4
815707,4
817039,4
817333,4
817739,4
818007,4
818275,4
820732,4
821240,4
821278,4
821472,4
821891,4
822031,4
822560,4
822895,4
822903,4
822942,4
823409,4
824564,4
824765,4
825012,4
825237,4
825341,4
825561,4
826038,4
826916,4
827211,4
827983,4
828441,4
828636,4
829674,4
830845,4
831215,4
831691,4
832533,4
833033,4
833171,4
833197,4
833398,4
833504,4
833723,4
833946,4
833989,4
834333,4
834435,4
834508,4
834678,4
835211,4
835216,4
835842,4
836363,4
836383,4
837138,4
838503,4
838977,4
839752,4
840441,4
840493,4
841429,4
842795,4
843506,4
843729,4
844075,4
844373,4
844491,4
844625,4
844684,4
845398,4
845427,4
846048,4
846267,4
847004,4
848385,4
848590,4
848641,4
848818,4
848853,4
848872,4
848960,4
849543,4
850378,4
850380,4
850676,4
850681,4
850850,4
850906,4
851326,4
851371,4
851440,4
851554,4
852946,4
853689,4
855799,4
856236,4
857328,4
857582,4
858671,4
858973,4
859818,4
860554,4
860790,4
861036,4
861223,4
861297,4
861737,4
862358,4
862518,4
862757,4
862877,4
862993,4
863174,4
863920,4
864248,4
864266,4
864372,4
864506,4
864614,4
864977,4
865258,4
866129,4
866240,4
866293,4
866775,4
866990,4
867525,4
867697,4
867729,4
868515,4
868921,4
869473,4
870602,4
870977,4
871582,4
872623,4
872808,4
873149,4
873416,4
873430,4
873725,4
873784,4
873914,4
873962,4
874334,4
875364,4
876860,4
878516,4
879025,4
879256,4
879540,4
879591,4
882030,4
882284,4
882378,4
882496,4
882774,4
883489,4
884628,4
885237,4
886610,4
886629,4
887038,4
887309,4
887379,4
887719,4
888615,4
888736,4
889039,4
889653,4
889694,4
889714,4
889851,4
889903,4
890087,4
892973,4
893226,4
893353,4
893515,4
893768,4
893973,4
894169,4
894251,4
894938,4
895374,4
895560,4
895960,4
896082,4
897968,4
898427,4
898500,4
898658,4
898857,4
899248,4
899474,4
899491,4
900545,4
901262,4
901533,4
901559,4
902960,4
903183,4
903951,4
904630,4
906062,4
906518,4
906925,4
907499,4
908141,4
908374,4
908403,4
908638,4
909136,4
910163,4
910817,4
911537,4
912476,4
912722,4
913032,4
913543,4
913752,4
914433,4
914504,4
914733,4
915231,4
915322,4
915633,4
915718,4
915768,4
916139,4
916219,4
916490,4
916925,4
916977,4
917027,4
917256,4
917879,4
917973,4
918042,4
918098,4
918308,4
918403,4
918942,4
919816,4
920141,4
920541,4
920558,4
921168,4
921256,4
921747,4
922055,4
922158,4
924545,4
924977,4
925544,4
926384,4
926999,4
927639,4
928033,4
928238,4
928321,4
928682,4
929796,4
930776,4
931336,4
931359,4
931645,4
931934,4
932597,4
932618,4
932995,4
933600,4
934089,4
934706,4
934918,4
935000,4
938173,4
938264,4
938321,4
938324,4
938443,4
940164,4
940378,4
940762,4
941451,4
944698,4
945137,4
945407,4
945747,4
946604,4
946639,4
947303,4
947536,4
947889,4
948660,4
949303,4
949595,4
950027,4
950386,4
950629,4
951941,4
953435,4
953801,4
954719,4
954969,4
955070,4
955438,4
955922,4
956053,4
956396,4
956483,4
956563,4
957031,4
957141,4
957157,4
957231,4
957249,4
957778,4
958037,4
960130,4
960281,4
960523,4
960786,4
960808,4
961151,4
961552,4
961717,4
962360,4
962503,4
963270,4
963649,4
964048,4
964119,4
964145,4
964149,4
964338,4
964690,4
965730,4
966036,4
966056,4
966278,4
966547,4
966604,4
966761,4
967293,4
968222,4
968520,4
968553,4
968630,4
968702,4
968783,4
969047,4
969071,4
970398,4
970798,4
971865,4
972100,4
972618,4
973602,4
973772,4
974209,4
974286,4
975050,4
975688,4
975689,4
975729,4
975974,4
976255,4
976480,4
976707,4
976763,4
976822,4
977054,4
977151,4
978947,4
979513,4
979782,4
980222,4
980563,4
980610,4
980882,4
981277,4
982235,4
984057,4
984251,4
984259,4
984566,4
984624,4
985822,4
986640,4
986671,4
986672,4
987069,4
988794,4
989058,4
989404,4
989449,4
989508,4
989809,4
989955,4
990400,4
990700,4
991822,4
992762,4
993056,4
993434,4
993869,4
996625,4
996814,4
997093,4
998011,4
998039,4
998378,4
998662,4
998789,4
999958,4
999964,4
